-93.263226243,37.3085387940001,100495,Church of the Harvest,5420 N. Highway H,SPRINGFIELD,GREENE, ,MO,65803,YES, , , , , , ,POST,0,0, , , , , , ,37.30853879,-93.26322624, , , , ,GENERAL,121442,GREATER OZARKS CHAPTER, , , , , ,1545 N. West Bypass,SPRINGFIELD,MO,65803, , , , ,8,GENERAL,0,CLOSED,,, ,0,0,0, ,0,0, , , ,658844,89,T,A,Street,-93.26322624,37.30853879,SHELTER,GENPOPSHEL,0
-93.2722194629999,37.2186875300001,107852,Pythian Avenue Baptist Church,1001 N. Rogers,SPRINGFIELD,GREENE, ,MO,65802,YES, , , , , , ,POST,0,0, , , , , , ,37.21868753,-93.27221946, , , , ,GENERAL,121442,GREATER OZARKS CHAPTER, , , , , ,1545 N. West Bypass,SPRINGFIELD,MO,65803, , , , ,8,GENERAL,0,CLOSED,,, ,0,0,0, ,0,0, , , ,659535,86,M,A,Street,-93.27221946,37.21868753,SHELTER,GENPOPSHEL,0
-93.256337436,37.157650545,102062,Evangel Temple Assembly of God,3101 South Luster,SPRINGFIELD,GREENE, ,MO,65804,YES, , , , , , ,POST,0,0, , , , , , ,37.15765055,-93.25633744, , , , ,GENERAL,121442,GREATER OZARKS CHAPTER, , , , , ,1545 N. West Bypass,SPRINGFIELD,MO,65803, , , , ,8,GENERAL,0,CLOSED,,, ,0,0,0, ,0,0, , , ,659845,86,M,A,Street,-93.25633744,37.15765055,SHELTER,GENPOPSHEL,0
-93.273793277,37.2351091510001,105577,Pathways United Methodist Church,1232 E. Dale Street,SPRINGFIELD,GREENE, ,MO,65803,YES, , , , , , ,POST,50,50, , , , , , ,37.23510915,-93.27379328, , , , ,GENERAL,121442,GREATER OZARKS CHAPTER, , , , , ,1545 N. West Bypass,SPRINGFIELD,MO,65803, , , , ,8,GENERAL,0,CLOSED,2020/01/19 07:00:00+00,, ,0,0,0, ,0,0, , , ,660115,100,M,A,Street,-93.27379328,37.23510915,SHELTER,GENPOPSHEL,0
-93.21680324,37.1752952420001,102310,Glendale Christian Church,2110 S Blackman Rd,SPRINGFIELD,GREENE, ,MO,65809,YES, , , , , , ,POST,50,50, , , , , , ,37.17529524,-93.21680324, , , , ,GENERAL,121442,GREATER OZARKS CHAPTER, , , , , ,1545 N. West Bypass,SPRINGFIELD,MO,65803, , , , ,8,GENERAL,0,CLOSED,2020/01/23 07:00:00+00,, ,0,0,0, ,0,0, , , ,660197,100,M,A,Street,-93.21680324,37.17529524,SHELTER,GENPOPSHEL,0
-93.216812233,37.175196317,102301,HOPE COMMUNITY CHURCH,2121 SOUTH BLACKMAN ROAD,SPRINGFIELD,GREENE, ,MO,65809,YES, , , , , , ,POST,0,0, , , , , , ,37.17519632,-93.21681223, , , , ,GENERAL,121442,GREATER OZARKS CHAPTER, , , , , ,1545 N. West Bypass,SPRINGFIELD,MO,65803, , , , ,8,GENERAL,0,CLOSED,,, ,0,0,0, ,0,0, , , ,660207,100,M,A,Street,-93.21681223,37.17519632,SHELTER,GENPOPSHEL,0
-93.2862398939999,37.1708795710001,102238,Holland Elementary School,2403 S Holland,SPRINGFIELD,GREENE, ,MO,65807,YES, , , , , , ,EVAC,144,70, , , , , , ,37.17087957,-93.28623989, , , , ,GENERAL,121442,GREATER OZARKS CHAPTER, , , , , ,1545 N. West Bypass,SPRINGFIELD,MO,65803, , , , ,8,GENERAL,,CLOSED,,,,,,,,,,,,,660264,86,M,A,Street,-93.28623989,37.17087957,SHELTER,GENPOPSHEL,0
-93.274278911,37.2524480800001,102091,National Heights Baptist Church,3050 N National,SPRINGFIELD,GREENE, ,MO,65803,YES, , , , , , ,POST,200,100, , , , , , ,37.25244808,-93.27427891, , , , ,GENERAL,121442,GREATER OZARKS CHAPTER, , , , , ,1545 N. West Bypass,SPRINGFIELD,MO,65803, , , , ,8,GENERAL,,CLOSED,,,,,,,,,,,,,660301,86,M,A,Street,-93.27427891,37.25244808,SHELTER,GENPOPSHEL,0
-93.339362846,37.2054944770001,100491,Golden Venue Baptist Church,558 SOUTH GOLDEN,SPRINGFIELD,GREENE, ,MO,65802,NO, , , , , , ,POST,0,0, , , , , , ,37.20549448,-93.33936285, , , , ,GENERAL,121442,GREATER OZARKS CHAPTER, , , , , ,1545 N. West Bypass,SPRINGFIELD,MO,65803, , , , ,8,GENERAL,0,CLOSED,,, ,0,0,0, ,0,0, , , ,660354,86,M,A,Street,-93.33936285,37.20549448,SHELTER,GENPOPSHEL,0
-93.273793277,37.2351091510001,105578,Pathways United Methodist Church,1232 E Dale Street,SPRINGFIELD,GREENE, ,MO,65803,YES, , , , , , ,EVAC,100,50, , , , , , ,37.23510915,-93.27379328, , , , ,GENERAL,121442,GREATER OZARKS CHAPTER, , , , , ,1545 N. West Bypass,SPRINGFIELD,MO,65803, , , , ,8,GENERAL,0,CLOSED,,, ,0,0,0, ,0,0, , , ,660384,100,M,A,Street,-93.27379328,37.23510915,SHELTER,GENPOPSHEL,0
-93.271616917,37.1745128320001,102275,South Side Senior Center,2215 S. Fremont,SPRINGFIELD,GREENE, ,MO,65804,YES, , , , , , ,POST,0,50, , , , , , ,37.17451283,-93.27161692, , , , ,GENERAL,121442,GREATER OZARKS CHAPTER, , , , , ,1545 N. West Bypass,SPRINGFIELD,MO,65803, , , , ,8,GENERAL,0,CLOSED,,, ,0,0,0, ,0,0, , , ,660505,86,M,A,Street,-93.27161692,37.17451283,SHELTER,GENPOPSHEL,0
-93.2889738329999,37.2173835130001,101844,Central High School,423 East Central,SPRINGFIELD,GREENE, ,MO,65802,YES, , , , , , ,POST,0,0, , , , , , ,37.21738351,-93.28897383, , , , ,GENERAL,121442,GREATER OZARKS CHAPTER, , , , , ,1545 N. West Bypass,SPRINGFIELD,MO,65803, , , , ,8,GENERAL,,CLOSED,,,,,,,,,,,,,660619,86,M,A,Street,-93.28897383,37.21738351,SHELTER,GENPOPSHEL,0
-93.226452965,37.161355751,102194,GLENDALE HIGH SCHOOL,2727 S INGRAM MILL RD,SPRINGFIELD,GREENE, ,MO,65804,YES, , , , , , ,POST,300,300, , , , , , ,37.16135575,-93.22645297, , , , ,GENERAL,121442,GREATER OZARKS CHAPTER, , , , , ,1545 N. West Bypass,SPRINGFIELD,MO,65803, , , , ,8,GENERAL,,CLOSED,,,,,,,,,,,,,660691,100,M,A,Street,-93.22645297,37.16135575,SHELTER,GENPOPSHEL,0
-93.343400802,37.2498760190001,102080,Northwest Baptist Church,3075 W. Norton Rd,SPRINGFIELD,GREENE, ,MO,65803,YES, , , , , , ,POST,0,100, ,YES, , , , ,37.24987602,-93.3434008, , , , ,GENERAL,121442,GREATER OZARKS CHAPTER, , , , , ,1545 N. West Bypass,SPRINGFIELD,MO,65803, , , , ,8,GENERAL,0,CLOSED,,, ,0,0,0, ,0,0, , , ,661027,100,M,A,Street,-93.3434008,37.24987602,SHELTER,GENPOPSHEL,0
-93.2762394329999,37.197652389,100151,Missouri State University,901 South National,SPRINGFIELD,Greene, ,MO,65804,YES, , , , , , ,EVAC,100,100, , , , , , ,37.19765239,-93.27623943, , , , ,GENERAL-FUNCTIONAL-MEDICAL,121442,GREATER OZARKS CHAPTER, , , , , ,1545 N. West Bypass,SPRINGFIELD,MO,65803, , , , ,8,GENERAL-MEDICAL-FUNCTIONAL,1100,CLOSED,2020/01/13 07:00:00+00,2007/01/20 00:00:00+00,OVERNIGHT,100,,,,100,,35607,MO 1-07 Winter Storm,UNK,661062,86,M,A,Street,-93.27623943,37.19765239,SHELTER,GENPOPSHEL,0
-93.317932002,37.1934525550001,103866,Masonic Temple,1930 West Catalpa,SPRINGFIELD,GREENE, ,MO,65807,YES, , , , , , ,POST,200,200, , , , , , ,37.19345256,-93.317932, , , , ,GENERAL,121442,GREATER OZARKS CHAPTER, , , , , ,1545 N. West Bypass,SPRINGFIELD,MO,65803, , , , ,8,GENERAL,0,CLOSED,,, ,0,0,0, ,0,0, , , ,661448,86,M,A,Street,-93.317932,37.19345256,SHELTER,GENPOPSHEL,0
-93.295511904,37.196950917,101822,CALVARY TEMPLE ASSEMBLY OF GOD,444 WEST GRAND,SPRINGFIELD,GREENE, ,MO,65807,YES, , , , , , ,POST,300,300, , , , , , ,37.19695092,-93.2955119, , , , ,GENERAL,121442,GREATER OZARKS CHAPTER, , , , , ,1545 N. West Bypass,SPRINGFIELD,MO,65803, , , , ,8,GENERAL,,CLOSED,,,,,,,,,,,,,662473,86,M,A,Street,-93.2955119,37.19695092,SHELTER,GENPOPSHEL,0
-93.22339527,37.180709161,102245,Springfield Catholic High School,2340 S. Eastgate,SPRINGFIELD,GREENE, ,MO,65809,YES, , , , , , ,EVAC,0,0, , , , , , ,37.18070916,-93.22339527, , , , ,GENERAL,121442,GREATER OZARKS CHAPTER, , , , , ,1545 N. West Bypass,SPRINGFIELD,MO,65803, , , , ,8,GENERAL,0,CLOSED,,, ,0,0,0, ,0,0, , , ,662918,86,M,A,Street,-93.22339527,37.18070916,SHELTER,GENPOPSHEL,0
-93.299837643,37.2334454050001,100185,Hamlin Baptist Church,829 WEST ATLANTIC,SPRINGFIELD,GREENE, ,MO,65803,NO, , , , , , ,POST,0,0, , , , , , ,37.23344541,-93.29983764, , , , ,GENERAL,121442,GREATER OZARKS CHAPTER, , , , , ,1545 N. West Bypass,SPRINGFIELD,MO,65803, , , , ,8,GENERAL,0,CLOSED,,, ,0,0,0, ,0,0, , , ,664135,86,M,A,Street,-93.29983764,37.23344541,SHELTER,GENPOPSHEL,0
-93.2259493449999,37.1719767440001,102267,GLENDALE BAPTIST CHURCH,2236 S INGRAM MILL RD,SPRINGFIELD,GREENE, ,MO,65804,YES, , , , , , ,POST,120,120, , , , , , ,37.17197674,-93.22594935, , , , ,GENERAL,121442,GREATER OZARKS CHAPTER, , , , , ,1545 N. West Bypass,SPRINGFIELD,MO,65803, , , , ,8,GENERAL,0,CLOSED,,, ,0,0,0, ,0,0, , , ,664795,100,M,A,Street,-93.22594935,37.17197674,SHELTER,GENPOPSHEL,0
-93.274917429,37.2360444460001,102294,North National Church of Christ,2148 N. National,SPRINGFIELD,GREENE, ,MO,65803,YES, , , , , , ,POST,150,150, , , , , , ,37.23604445,-93.27491743, , , , ,GENERAL,121442,GREATER OZARKS CHAPTER, , , , , ,1545 N. West Bypass,SPRINGFIELD,MO,65803, , , , ,8,GENERAL,0,CLOSED,,, ,0,0,0, ,0,0, , , ,665412,86,M,A,Street,-93.27491743,37.23604445,SHELTER,GENPOPSHEL,0
-93.240275545,37.180826073,102189,Schweitzer United Methodist Church,2747 E. Sunshine,SPRINGFIELD,GREENE, ,MO,65804,YES, , , , , , ,EVAC,350,350, , , , , , ,37.18082607,-93.24027555, , , , ,GENERAL,121442,GREATER OZARKS CHAPTER, , , , , ,1545 N. West Bypass,SPRINGFIELD,MO,65803, , , , ,8,GENERAL,0,CLOSED,2020/01/12 07:00:00+00,, ,0,0,0, ,0,0, , , ,671103,86,M,A,Street,-93.24027555,37.18082607,SHELTER,GENPOPSHEL,0
-93.348122243,37.227491893,105439,American Red Cross - Greater Ozarks Chapter,1545 N West Bypass,SPRINGFIELD,GREENE, ,MO,65803,YES, , , , , , ,POST,300,300, , , , , , ,37.22749189,-93.34812224, , , , ,GENERAL,121442,GREATER OZARKS CHAPTER, , , , , ,1545 N. West Bypass,SPRINGFIELD,MO,65803, , , , ,8,GENERAL,352,CLOSED,2020/02/01 11:00:00+00,2011/02/03 00:00:00+00, ,0,0,0, ,0,0,MO0111-03,E MO 01/11 Blizzard - ALL,BLI,672228,100,M,A,Street,-93.34812224,37.22749189,SHELTER,GENPOPSHEL,0
-93.319676687,37.138351094,102281,St. Elizabeth Ann Seton Church,2200 West Republic Road,SPRINGFIELD,GREENE, ,MO,65807,YES, , , , , , ,POST,0,0, , , , , , ,37.13835109,-93.31967669, , , , ,GENERAL,121442,GREATER OZARKS CHAPTER, , , , , ,1545 N. West Bypass,SPRINGFIELD,MO,65803, , , , ,8,GENERAL,,CLOSED,,,,,,,,,,,,,672696,100,M,A,Street,-93.31967669,37.13835109,SHELTER,GENPOPSHEL,0
-93.310935276,37.2435447920001,102210,KANSAS EXPRESSWAY CHURCH OF CHRIST,2540 N. KANSAS EXPRESSWAY,SPRINGFIELD,GREENE, ,MO,65803,NO, , , , , , ,POST,0,50, , , , , , ,37.24354479,-93.31093528, , , , ,GENERAL,121442,GREATER OZARKS CHAPTER, , , , , ,1545 N. West Bypass,SPRINGFIELD,MO,65803, , , , ,8,GENERAL,,CLOSED,,,,,,,,,,,,,675921,100,M,A,Street,-93.31093528,37.24354479,SHELTER,GENPOPSHEL,0
-93.216308612,37.1800346700001,332026,East Sunshine Church Of Christ,3721 E. Sunshine,SPRINGFIELD,GREENE, ,MO,65809,YES,3721 E. Sunshine, ,SPRINGFIELD, ,MO,65809,BOTH,305,101, , , , , , ,37.18003467,-93.21630861, , ,NO, ,GENERAL,121442,GREATER OZARKS CHAPTER, , , , , ,1545 N. West Bypass,SPRINGFIELD,MO,65803, , , , ,8,GENERAL,0,CLOSED,,, ,0,0,0, ,0,0, , , ,676642,86,M,A,Street,-93.21630861,37.18003467,SHELTER,GENPOPSHEL,0
-93.2913210629999,37.14744324,101965,KICKAPOO HIGH SCHOOL,3710 SOUTH JEFFERSON,SPRINGFIELD,GREENE, ,MO,65807,YES, , , , , , ,EVAC,500,500, , , , , , ,37.14744324,-93.29132106, , , , ,GENERAL,121442,GREATER OZARKS CHAPTER, , , , , ,1545 N. West Bypass,SPRINGFIELD,MO,65803, , , , ,8,GENERAL,,CLOSED,,,,,,,,,,,,,686875,86,M,A,Street,-93.29132106,37.14744324,SHELTER,GENPOPSHEL,0
-93.314271761,37.1496016130001,101977,Parkcrest Assembly of God,3581 S. Kansas,SPRINGFIELD,GREENE, ,MO,65807,YES, , , , , , ,POST,0,0, , , , , , ,37.14960161,-93.31427176, , , , ,GENERAL,121442,GREATER OZARKS CHAPTER, , , , , ,1545 N. West Bypass,SPRINGFIELD,MO,65803, , , , ,8,GENERAL,0,CLOSED,,, ,0,0,0, ,0,0, , , ,688013,86,T,A,Street,-93.31427176,37.14960161,SHELTER,GENPOPSHEL,0
-93.276518223,37.1875440090001,105445,National Ave. Christian Church,1515 S National,SPRINGFIELD,GREENE, ,MO,65804,YES, , , , , , ,EVAC,70,0, , , , , , ,37.18754401,-93.27651822, , , , ,OTHER,121442,GREATER OZARKS CHAPTER, , , , , ,1545 N. West Bypass,SPRINGFIELD,MO,65803, , , , ,8,OTHER,0,CLOSED,2020/01/19 07:00:00+00,, ,0,0,0, ,0,0, , , ,688272,86,M,A,Street,-93.27651822,37.18754401,SHELTER,OTHER,0
-93.283245151,37.204091534,100194,FIRST & CALVARY PRESBYTERIAN,820 EAST CHERRY,SPRINGFIELD,GREENE, ,MO,65806,YES, , , , , , ,EVAC,200,200, , , , , , ,37.20409153,-93.28324515, , , , ,GENERAL,121442,GREATER OZARKS CHAPTER, , , , , ,1545 N. West Bypass,SPRINGFIELD,MO,65803, , , , ,8,GENERAL,0,CLOSED,,, ,0,0,0, ,0,0, , , ,688445,86,M,A,Street,-93.28324515,37.20409153,SHELTER,GENPOPSHEL,0
-93.283245151,37.204091534,100195,First And Calvary Presbyterian Church,820 Cherry Street,SPRINGFIELD,GREENE, ,MO,65806,YES, , , , , , ,POST,100,100, , , , , , ,37.20409153,-93.28324515, , , , ,GENERAL,121442,GREATER OZARKS CHAPTER, , , , , ,1545 N. West Bypass,SPRINGFIELD,MO,65803, , , , ,8,GENERAL,0,CLOSED,2020/01/23 07:00:00+00,, ,0,0,0, ,0,0, , , ,688479,87,M,A,Street,-93.28324515,37.20409153,SHELTER,GENPOPSHEL,0
-93.296788941,37.2583386380001,102003,HILLCREST HIGH SCHOOL,3319 NORTH GRANT,SPRINGFIELD,GREENE, ,MO,65803,YES, , , , , , ,EVAC,300,300, , , , , , ,37.25833864,-93.29678894, , , , ,GENERAL,121442,GREATER OZARKS CHAPTER, , , , , ,1545 N. West Bypass,SPRINGFIELD,MO,65803, , , , ,8,GENERAL,,CLOSED,,,,,,,,,,,,,688512,86,M,A,Street,-93.29678894,37.25833864,SHELTER,GENPOPSHEL,0
-93.290790463,37.244372168,102142,Northview Senior Center,301 E. Talmage,SPRINGFIELD,GREENE, ,MO,65803,YES, , , , , , ,POST,0,50, , , , , , ,37.24437217,-93.29079046, , , , ,GENERAL,121442,GREATER OZARKS CHAPTER, , , , , ,1545 N. West Bypass,SPRINGFIELD,MO,65803, , , , ,8,GENERAL,,CLOSED,,,,,,,,,,,,,689839,86,M,A,Street,-93.29079046,37.24437217,SHELTER,GENPOPSHEL,0
-93.264125565,37.1373978120001,105386,Cambell United Methodist Church,1747 E. Republic Road,SPRINGFIELD,GREENE, ,MO,65804,YES, , , , , , ,POST,0,350, ,YES, , , , ,37.13739781,-93.26412557, , , , ,GENERAL,121442,GREATER OZARKS CHAPTER, , , , , ,1545 N. West Bypass,SPRINGFIELD,MO,65803, , , , ,8,GENERAL,1100,CLOSED,2020/01/17 07:00:00+00,2007/01/24 00:00:00+00,OVERNIGHT,41,,,,41,,35607,MO 1-07 Winter Storm,UNK,689933,100,M,A,Street,-93.26412557,37.13739781,SHELTER,GENPOPSHEL,0
-93.225139955,37.213921123,100161,HIGH STREET BAPTIST CHURCH,900 N EASTGATE,SPRINGFIELD,GREENE, ,MO,65802,YES, , , , , , ,POST,0,400, , , , , , ,37.21392112,-93.22513996, , , , ,GENERAL,121442,GREATER OZARKS CHAPTER, , , , , ,1545 N. West Bypass,SPRINGFIELD,MO,65803, , , , ,8,GENERAL,352,CLOSED,2014/11/03 00:00:00+00,,,0,,,,0,,MO0111-03,E MO 01/11 Blizzard - ALL,BLI,690262,86,M,A,Street,-93.22513996,37.21392112,SHELTER,GENPOPSHEL,0
-93.287615857,37.217482439,100162,Drury University,900 N Benton Ave,SPRINGFIELD,Greene, ,MO,65802,YES, , , , , , ,EVAC,100,100, , , , , , ,37.21748244,-93.28761586, , , , ,GENERAL-FUNCTIONAL-MEDICAL,121442,GREATER OZARKS CHAPTER, , , , , ,1545 N. West Bypass,SPRINGFIELD,MO,65803, , , , ,8,GENERAL-MEDICAL-FUNCTIONAL,1100,CLOSED,2020/01/14 07:00:00+00,2007/01/16 00:00:00+00,OVERNIGHT,85,,,,85,,35607,MO 1-07 Winter Storm,UNK,690774,100,M,A,Street,-93.28761586,37.21748244,SHELTER,GENPOPSHEL,0
-93.316286243,37.1651598830001,102174,Hank's Building/ Resource Center,2855 S. Kansas Expressway (13),Springfield,Greene, ,MO,65807,YES, , , , , , ,POST,100,100, , , , , , ,37.16515988,-93.31628624, , , , ,OTHER,121442,GREATER OZARKS CHAPTER, , , , , ,1545 N. West Bypass,SPRINGFIELD,MO,65803, , , , ,8,OTHER,0,CLOSED,2020/01/24 07:00:00+00,, ,0,0,0, ,0,0, , , ,690797,100,M,A,Street,-93.31628624,37.16515988,SHELTER,OTHER,0
-93.272129531,37.1346818600001,101831,St. John's Chapel,4344 S. Freemont,SPRINGFIELD,Greene, ,MO,65804,YES, , , , , , ,EVAC,60,60, , , , , , ,37.13468186,-93.27212953, , , , ,GENERAL,121442,GREATER OZARKS CHAPTER, , , , , ,1545 N. West Bypass,SPRINGFIELD,MO,65803, , , , ,8,GENERAL,0,CLOSED,2020/01/15 07:00:00+00,, ,0,0,0, ,0,0, , , ,691051,82,M,A,Street,-93.27212953,37.13468186,SHELTER,GENPOPSHEL,0
-93.266859504,37.187130321,105448,DELAWARE ELEMENTARY SCHOOL,1505 SOUTH DELAWARE,SPRINGFIELD,GREENE, ,MO,65804,YES, , , , , , ,POST,200,200, , , , , , ,37.18713032,-93.2668595, , , , ,GENERAL,121442,GREATER OZARKS CHAPTER, , , , , ,1545 N. West Bypass,SPRINGFIELD,MO,65803, , , , ,8,GENERAL,0,CLOSED,,, ,0,0,0, ,0,0, , , ,691455,86,M,A,Street,-93.2668595,37.18713032,SHELTER,GENPOPSHEL,0
-93.267722853,37.185376643,105437,Westminister Presbyterian Church,1551 East Portland,SPRINGFIELD,GREENE, ,MO,65804,YES, , , , , , ,POST,0,0, , , , , , ,37.18537664,-93.26772285, , , , ,GENERAL,121442,GREATER OZARKS CHAPTER, , , , , ,1545 N. West Bypass,SPRINGFIELD,MO,65803, , , , ,8,GENERAL,0,CLOSED,,, ,0,0,0, ,0,0, , , ,691536,86,M,A,Street,-93.26772285,37.18537664,SHELTER,GENPOPSHEL,0
-93.2607800869999,37.1629565440001,105354,Brentwood Christian Church,1900 East Barataria St.,SPRINGFIELD,Greene, ,MO,65804,YES, , , , , , ,POST,50,50, , , , , , ,37.16295654,-93.26078009, , , , ,GENERAL,121442,GREATER OZARKS CHAPTER, , , , , ,1545 N. West Bypass,SPRINGFIELD,MO,65803, , , , ,8,GENERAL,0,CLOSED,,, ,0,0,0, ,0,0, , , ,691791,100,M,A,Street,-93.26078009,37.16295654,SHELTER,GENPOPSHEL,0
-93.287651829,37.251593724,100544,Berean Baptist Church,507 E Norton,SPRINGFIELD,GREENE, ,MO,65803,YES, , , , , , ,POST,200,100, , , , , , ,37.25159372,-93.28765183, , , , ,OTHER,121442,GREATER OZARKS CHAPTER, , , , , ,1545 N. West Bypass,SPRINGFIELD,MO,65803, , , , ,8,OTHER,0,CLOSED,,, ,0,0,0, ,0,0, , , ,691869,86,T,A,Street,-93.28765183,37.25159372,SHELTER,OTHER,0
-93.272525233,37.2360174660001,102291,Dayspring Christian Fellowship,2157 N. Prospect Ave.,SPRINGFIELD,GREENE, ,MO,65803,YES, , , , , , ,POST,0,230, ,YES, , ,NO, ,37.23601747,-93.27252523, , , , ,GENERAL,121442,GREATER OZARKS CHAPTER, , , , , ,1545 N. West Bypass,SPRINGFIELD,MO,65803, , , , ,8,GENERAL,710,CLOSED,2015/12/28 00:00:00+00,,OVERNIGHT,0,,,,0,,01/20/2012 MO 01/12," Fires: Private/Home, Indust/Com - GREENE",FIR,697286,100,M,A,Street,-93.27252523,37.23601747,SHELTER,GENPOPSHEL,0
-93.362556569,37.2086290080001,102029,Orchard Crest Baptist Church,320 S Orchard Crest,SPRINGFIELD,GREENE, ,MO,65802,YES, , , , , , ,POST,100,50, , , , , , ,37.20862901,-93.36255657, , , , ,GENERAL,121442,GREATER OZARKS CHAPTER, , , , , ,1545 N. West Bypass,SPRINGFIELD,MO,65803, , , , ,8,GENERAL,0,CLOSED,,, ,0,0,0, ,0,0, , , ,698181,100,M,A,GPS,-93.36255657,37.20862901,SHELTER,GENPOPSHEL,0
-93.278405279,37.137001576,101845,Seminole Baptist Church,4221 South National,SPRINGFIELD,GREENE, ,MO,65810,YES, , , , , , ,POST,0,0, , , , , , ,37.13700158,-93.27840528, , , , ,GENERAL,121442,GREATER OZARKS CHAPTER, , , , , ,1545 N. West Bypass,SPRINGFIELD,MO,65803, , , , ,8,GENERAL,0,CLOSED,,, ,0,0,0, ,0,0, , , ,699102,100,M,A,GPS,-93.27840528,37.13700158,SHELTER,GENPOPSHEL,0
-93.297098589,37.2516500150001,100023,Ozark Empire Fairgrounds,3001 N. Grant,SPRINGFIELD,GREENE, ,MO,65803,NO, , , , , , ,EVAC,0,0, , , , , , ,37.25165002,-93.29709859, , , , ,OTHER,121442,GREATER OZARKS CHAPTER, , , , , ,1545 N. West Bypass,SPRINGFIELD,MO,65803, , , , ,8,OTHER,,CLOSED,,,,,,,,,,,,,700113,100,M,A,Street,-93.29709859,37.25165002,SHELTER,GENPOPSHEL,0
-93.24396864,37.185396144,105440,Oak Grove Community Center,1538 S. Oak Grove,SPRINGFIELD,GREENE, ,MO,65804,YES, , , , , , ,POST,0,0, , , , , , ,37.18539614,-93.24396864, , , , ,GENERAL,121442,GREATER OZARKS CHAPTER, , , , , ,1545 N. West Bypass,SPRINGFIELD,MO,65803, , , , ,8,GENERAL,0,CLOSED,,, ,0,0,0, ,0,0, , , ,700597,100,M,A,Street,-93.24396864,37.18539614,SHELTER,GENPOPSHEL,0
-93.2439093569999,37.189406637,105533,Oak Grove Assembly of God,1320 S. Oak Grove,SPRINGFIELD,GREENE, ,MO,65804,YES, , , , , , ,POST,150,150, , , , , , ,37.18940664,-93.24390936, , , , ,GENERAL,121442,GREATER OZARKS CHAPTER, , , , , ,1545 N. West Bypass,SPRINGFIELD,MO,65803, , , , ,8,GENERAL,0,CLOSED,,, ,0,0,0, ,0,0, , , ,701076,100,M,A,Street,-93.24390936,37.18940664,SHELTER,GENPOPSHEL,0
-93.243974699,37.191401113,107398,Cherry Street Baptist Church,1201 S.Oak Grove ave,SPRINGFIELD,GREENE, ,MO,65802,NO, , , , , , ,POST,600,600, , , , , , ,37.19140111,-93.2439747, , , , ,GENERAL,121442,GREATER OZARKS CHAPTER, , , , , ,1545 N. West Bypass,SPRINGFIELD,MO,65803, , , , ,8,GENERAL,0,CLOSED,,, ,0,0,0, ,0,0, , , ,701139,100,M,A,GPS,-93.2439747,37.19140111,SHELTER,GENPOPSHEL,0
-93.285726595,37.2102524750001,100373,Jordan Valley Ice Park,635 E. Trafficway,SPRINGFIELD,GREENE, ,MO,65806,YES, , , , , , ,POST,200,200, , , , , , ,37.21025248,-93.2857266, , , , ,GENERAL,121442,GREATER OZARKS CHAPTER, , , , , ,1545 N. West Bypass,SPRINGFIELD,MO,65803, , , , ,8,GENERAL,0,CLOSED,2020/01/14 07:00:00+00,, ,0,0,0, ,0,0, , , ,702204,100,M,A,Street,-93.2857266,37.21025248,SHELTER,GENPOPSHEL,0
-93.3457365309999,37.1827941770001,102004,Macedonia Baptist Church,3310 W.Sunshine,SPRINGFIELD,GREENE, ,MO,65807,YES, , , , , , ,POST,0,0, , , , , , ,37.18279418,-93.34573653, , , , ,GENERAL,121442,GREATER OZARKS CHAPTER, , , , , ,1545 N. West Bypass,SPRINGFIELD,MO,65803, , , , ,8,GENERAL,0,CLOSED,,, ,0,0,0, ,0,0, , , ,702436,100,M,A,Street,-93.34573653,37.18279418,SHELTER,GENPOPSHEL,0
-93.246705627,37.16836556,102239,Kingsway United Methodist Church,2401 South Lone Pine,SPRINGFIELD,GREENE, ,MO,65804,YES, , , , , , ,POST,0,75, , , , , , ,37.16836556,-93.24670563, , , , ,GENERAL,121442,GREATER OZARKS CHAPTER, , , , , ,1545 N. West Bypass,SPRINGFIELD,MO,65803, , , , ,8,GENERAL,,CLOSED,,,,,,,,,,,,,703313,100,M,A,Street,-93.24670563,37.16836556,SHELTER,GENPOPSHEL,0
-93.281539395,37.2515830080001,342162,Hillcrest Presbyterian Church,818 E. Norton St.,SPRINGFIELD,GREENE,,MO,65803,YES,,,,,,,BOTH,120,50,,,,,,,37.25158301,-93.2815394,,,,,,,,,,,,,,,,,,,,,,,,CLOSED,,,,,,,,,,,,,708776,,M,A,Street,-93.2815394,37.25158301,SHELTER,GENPOPSHEL,101
-93.238910839,37.188052709,342163,Holy Trinity Church,2818 E. Bennett,SPRINGFIELD,GREENE,,MO,65804,YES,,,,,,,BOTH,40,40,,,,,,,37.18805271,-93.23891084,,,,,,,,,,,,,,,,,,,,,,,,CLOSED,,,,,,,,,,,,,708777,,M,A,Street,-93.23891084,37.18805271,SHELTER,GENPOPSHEL,101
-93.2647329,37.2536586000001,347316,Praise Assembly of God Church,3535 North Glenstone Ave,SPRINGFIELD,GREENE,,MO,65803,YES,,,,,,,POST,0,133,,,,,NO,NO,37.2536586,-93.2647329,,,,,,121442,GREATER OZARKS CHAPTER,4178329500,4178663649,,,,1545 N. West Bypass,SPRINGFIELD,MO,65803,,,,,8,,,CLOSED,2018/02/15 00:00:00+00,,,0,,,,0,,,,,710356,,,,GPS,-93.2647329,37.2536586,SHELTER,GENPOPSHEL,101
-93.290105491,37.2849314380001,100044,Pleasent View Elementary,Hwy AA RR# 1,SPRINGFIELD,GREENE, ,MO,65803,YES, , , , , , ,EVAC,0,0, , , , , , ,37.28493144,-93.29010549, , , , ,GENERAL,121442,GREATER OZARKS CHAPTER, , , , , ,1545 N. West Bypass,SPRINGFIELD,MO,65803, , , , ,8,GENERAL,,CLOSED,,,,,,,,,,,,,715100,100,M,A,GPS,-93.29010549,37.28493144,SHELTER,GENPOPSHEL,0
-93.316022339,37.118206038,105559,Rogersville United Methodist Church,127 BEATIE,SPRINGFIELD,GREENE, ,MO,65810,NO, , , , , , ,POST,0,0, , , , , , ,37.11820604,-93.31602234, , , , ,GENERAL,121442,GREATER OZARKS CHAPTER, , , , , ,1545 N. West Bypass,SPRINGFIELD,MO,65803, , , , ,8,GENERAL,0,CLOSED,,, ,0,0,0, ,0,0, , , ,715813,100,M,A,GPS,-93.31602234,37.11820604,SHELTER,GENPOPSHEL,0
-93.325016249,37.166844934,102237,Holland Elementary School,2403 SOUTH POLLARD,SPRINGFIELD,GREENE, ,MO,65807,YES, , , , , , ,EVAC,144,144, , , , , , ,37.16684493,-93.32501625, , , , ,GENERAL,121442,GREATER OZARKS CHAPTER, , , , , ,1545 N. West Bypass,SPRINGFIELD,MO,65803, , , , ,8,GENERAL,,CLOSED,,,,,,,,,,,,,715900,100,M,A,GPS,-93.32501625,37.16684493,SHELTER,GENPOPSHEL,0
-93.354404971,37.210102498,101774,COWAN CIVIC CENTER,500 E ELMS,SPRINGFIELD,GREENE, ,MO,65802,NO, , , , , , ,POST,0,0, , , , , , ,37.2101025,-93.35440497, , , , ,GENERAL,121442,GREATER OZARKS CHAPTER, , , , , ,1545 N. West Bypass,SPRINGFIELD,MO,65803, , , , ,8,GENERAL,0,CLOSED,,, ,0,0,0, ,0,0, , , ,715952,100,M,A,GPS,-93.35440497,37.2101025,SHELTER,GENPOPSHEL,0
-93.325016249,37.166844934,100525,Parkview High School,516 Meadowere,SPRINGFIELD,GREENE, ,MO,65807,YES, , , , , , ,EVAC,0,0, , , , , , ,37.16684493,-93.32501625, , , , ,OTHER,121442,GREATER OZARKS CHAPTER, , , , , ,1545 N. West Bypass,SPRINGFIELD,MO,65803, , , , ,8,OTHER,,CLOSED,,,,,,,,,,,,,717215,100,M,A,GPS,-93.32501625,37.16684493,SHELTER,OTHER,0
-93.2530902519999,37.1484757330001,102125,DOLING COMMUNITY CENTER,301 TALMAGE,SPRINGFIELD,GREENE, ,MO,65804,YES, , , , , , ,POST,75,75, , , , , , ,37.14847573,-93.25309025, , , , ,GENERAL,121442,GREATER OZARKS CHAPTER, , , , , ,1545 N. West Bypass,SPRINGFIELD,MO,65803, , , , ,8,GENERAL,0,CLOSED,,, ,0,0,0, ,0,0, , , ,718920,100,M,A,GPS,-93.25309025,37.14847573,SHELTER,GENPOPSHEL,0
-93.294954,37.109563,353836,Southgate Baptist Church,5701 S. Farm Road 157,SPRINGFIELD,GREENE,,MO,65810,NO,,,,,,,BOTH,250,125,,,,,,,37.109563,-93.294954,,,NO,,,,,,,,,,,,,,,,,,,,,CLOSED,,,,,,,,,,,,,722212,,,,GPS,-93.294954,37.109563,SHELTER,GENPOPSHEL,101
-93.252452365,37.1958807240001,102273,EAST GRAND CHURCH OF CHRIST,2220 EAST GRAND,SPRINGFIELD,GREENE, ,MO,65804,YES, , , , , , ,POST,200,200, , , , , , ,37.19588072,-93.25245237, , , , ,GENERAL,121442,GREATER OZARKS CHAPTER, , , , , ,1545 N. West Bypass,SPRINGFIELD,MO,65803, , , , ,8,GENERAL,0,CLOSED,,, ,0,0,0, ,0,0, , , ,725529,86,M,A,Street,-93.25245237,37.19588072,SHELTER,GENPOPSHEL,0
-93.2891716839999,37.2243892320001,105484,Cox North Fountain Plaza,1423 NORTH JEFFERSON,SPRINGFIELD,GREENE, ,MO,65802,YES, , , , , , ,POST,100,100, , , , , , ,37.22438923,-93.28917168, , , , ,GENERAL,121442,GREATER OZARKS CHAPTER, , , , , ,1545 N. West Bypass,SPRINGFIELD,MO,65803, , , , ,8,GENERAL,710,CLOSED,2020/01/20 12:00:00+00,2012/01/31 00:00:00+00,OVERNIGHT,90,0,,,90,,01/20/2012 MO 01/12," Fires: Private/Home, Indust/Com - GREENE",FIR,728906,86,M,A,Street,-93.28917168,37.22438923,SHELTER,GENPOPSHEL,0
-93.29480144,37.187921724,105461,Ashbury United Methodist Church,1500 S. Campbell,SPRINGFIELD,GREENE, ,MO,65807,YES, , , , , , ,POST,150,150, , , , , , ,37.18792172,-93.29480144, , , , ,GENERAL,121442,GREATER OZARKS CHAPTER, , , , , ,1545 N. West Bypass,SPRINGFIELD,MO,65803, , , , ,8,GENERAL,,CLOSED,,,,,,,,,,,,,728946,86,M,A,Street,-93.29480144,37.18792172,SHELTER,GENPOPSHEL,0
-93.2924245739999,37.2049013020001,100506,FIRST BAPTIST CHURCH,525 S AVENUE,SPRINGFIELD,GREENE, ,MO,65806,YES, , , , , , ,POST,300,300, , , , , , ,37.2049013,-93.29242457, , , , ,GENERAL,121442,GREATER OZARKS CHAPTER, , , , , ,1545 N. West Bypass,SPRINGFIELD,MO,65803, , , , ,8,GENERAL,0,CLOSED,,, ,0,0,0, ,0,0, , , ,730418,100,M,A,GPS,-93.29242457,37.2049013,SHELTER,GENPOPSHEL,0
